<?xml version="1.0" encoding="UTF-8"?>
<config>
    <tabs>
        <smsconfigtab translate="label" module="smsconfig">
            <label>CYBERSMS</label>
            <sort_order>99999</sort_order>
        </smsconfigtab>
    </tabs> 
    <sections>
        <smsconfigtab_sec translate="label" module="smsconfig">
            <label>CYBERSMS Settings</label>
            <tab>smsconfigtab</tab>
            <sort_order>1000</sort_order>
            <show_in_default>1</show_in_default>
            <show_in_website>1</show_in_website>
            <show_in_store>1</show_in_store>
 
            <groups>
                <smsconfigtab_group translate="label" module="smsconfig">
                    <label>CYBERSMS Settings</label>
                    <frontend_type>text</frontend_type>
                    <sort_order>1000</sort_order>
                    <show_in_default>1</show_in_default>
                    <show_in_website>1</show_in_website>
                    <show_in_store>1</show_in_store>
 
                     <fields>
                     
                       <smsconfigtab_mailtemplate translate="label">
                            <label>Mail Template: </label>
                            <comment>Enter Mail Template</comment>
                            <frontend_type>textarea</frontend_type>
                            <sort_order>20</sort_order>
                            <show_in_default>1</show_in_default>
                            <show_in_website>1</show_in_website>
                            <show_in_store>1</show_in_store>
                        </smsconfigtab_mailtemplate>
                     
                       <smsconfigtab_mobilenumberseparater translate="label">
                            <label>Mobile number separater: </label>
                            <comment>Enter Mobile Number Separater</comment>
                            <frontend_type>text</frontend_type>
                            <sort_order>20</sort_order>
                            <show_in_default>1</show_in_default>
                            <show_in_website>1</show_in_website>
                            <show_in_store>1</show_in_store>
                        </smsconfigtab_mobilenumberseparater>
                        
                         <smsconfigtab_gatewayname translate="label">
                            <label>SMS Gateway Name: </label>
                            <comment>Enter Gateway for SMS</comment>
                            <frontend_type>text</frontend_type>
                            <sort_order>20</sort_order>
                            <show_in_default>1</show_in_default>
                            <show_in_website>1</show_in_website>
                            <show_in_store>1</show_in_store>
                        </smsconfigtab_gatewayname>
                        
                         <smsconfigtab_multiplesms translate="label">
                            <label>Multiple SMS Gateway URL: </label>
                            <comment>Enter Gateway URL for Multiple SMS</comment>
                            <frontend_type>text</frontend_type>
                            <sort_order>20</sort_order>
                            <show_in_default>1</show_in_default>
                            <show_in_website>1</show_in_website>
                            <show_in_store>1</show_in_store>
                        </smsconfigtab_multiplesms>
                        
                        
                        <smsconfigtab_singlesms translate="label">
                            <label>Single SMS Gateway URL: </label>
                            <comment>Enter Gateway URL for Single SMS</comment>
                            <frontend_type>text</frontend_type>
                            <sort_order>20</sort_order>
                            <show_in_default>1</show_in_default>
                            <show_in_website>1</show_in_website>
                            <show_in_store>1</show_in_store>
                        </smsconfigtab_singlesms>
                        
                       
                        
                         
                        
                       
                       
                       
                    </fields>
                    
                  
                </smsconfigtab_group>
            </groups>
        </smsconfigtab_sec>
    </sections>
</config>
